id,user_id,post_id,created_at,comment_string,likes
1,80,1,2025-05-18T06:11:14+00:00,So cute!,4
2,80,1,2025-06-26T22:20:23+00:00,Nice!,4
3,80,2,2025-02-08T10:03:37+00:00,Great pic,4
4,63,2,2025-10-17T07:27:00+00:00,Nice!,0
5,63,2,2024-11-19T04:39:45+00:00,Nice!,4
6,63,2,2025-05-31T18:32:50+00:00,Lovely shot,5
7,63,3,2025-10-14T00:09:26+00:00,So cute!,1
8,63,4,2025-10-17T23:45:53+00:00,So cute!,5
9,80,4,2025-10-25T06:32:02+00:00,Amazing!,4
10,80,4,2025-11-04T22:53:48+00:00,So cute!,4
11,80,4,2025-05-02T00:05:42+00:00,Lovely shot,0
12,80,4,2025-01-12T02:38:24+00:00,So cute!,1
13,80,5,2024-11-25T20:01:18+00:00,Nice!,5
14,80,5,2025-08-27T14:57:52+00:00,Amazing!,2
15,63,6,2024-11-16T16:07:48+00:00,Great pic,5
16,69,6,2024-12-20T00:29:19+00:00,Nice!,4
17,63,7,2025-11-10T12:47:53+00:00,Great pic,2
18,80,7,2025-08-01T02:54:26+00:00,Nice!,5
19,80,7,2025-08-12T23:05:55+00:00,Amazing!,5
20,80,8,2025-08-30T17:17:28+00:00,Nice!,0
21,92,9,2025-04-29T07:27:29+00:00,So cute!,2
22,80,9,2025-03-18T18:42:01+00:00,Nice!,2
23,69,10,2025-05-29T14:54:56+00:00,Nice!,3
24,80,10,2024-11-24T09:18:20+00:00,Great pic,0
25,92,10,2025-05-30T21:45:36+00:00,So cute!,5
26,80,12,2025-05-27T15:50:25+00:00,Lovely shot,0
27,9,12,2025-09-03T18:04:29+00:00,Amazing!,1
28,43,12,2025-05-07T06:12:11+00:00,Lovely shot,5
29,74,12,2025-03-23T01:00:42+00:00,Nice!,4
30,43,12,2025-10-29T01:00:42+00:00,So cute!,1
31,43,13,2025-11-07T03:30:27+00:00,Nice!,5
32,63,13,2025-06-16T08:58:25+00:00,Amazing!,2
33,92,13,2025-10-15T09:27:34+00:00,Lovely shot,2
34,92,14,2024-12-30T15:38:04+00:00,Nice!,5
35,20,15,2024-11-25T08:21:36+00:00,Great pic,4
36,9,15,2025-09-20T22:07:24+00:00,Great pic,4
37,43,15,2025-10-05T23:36:48+00:00,Great pic,0
38,63,15,2025-04-19T21:44:32+00:00,Nice!,3
39,43,17,2025-10-10T00:45:44+00:00,So cute!,3
40,9,17,2025-02-09T12:15:15+00:00,So cute!,4
41,43,17,2025-06-18T04:14:11+00:00,Lovely shot,0
42,57,18,2025-10-04T09:49:54+00:00,So cute!,2
43,80,18,2024-11-25T11:04:37+00:00,Amazing!,3
44,80,18,2025-07-29T16:33:27+00:00,Nice!,5
45,9,18,2025-02-11T05:14:56+00:00,So cute!,3
46,20,19,2025-09-10T06:31:47+00:00,Amazing!,5
47,70,20,2025-03-10T01:31:11+00:00,Amazing!,1
48,80,20,2025-05-20T10:15:35+00:00,Great pic,0
49,20,20,2025-10-15T00:27:54+00:00,Great pic,0
50,74,21,2025-05-02T11:52:14+00:00,Great pic,3
51,70,21,2025-07-28T20:17:04+00:00,Great pic,1
52,70,22,2025-03-19T19:35:04+00:00,Lovely shot,2
53,80,22,2025-10-27T01:30:51+00:00,So cute!,2
54,80,22,2025-06-22T03:35:36+00:00,Nice!,1
55,9,23,2025-03-16T14:54:19+00:00,So cute!,0
56,9,23,2025-02-09T00:47:38+00:00,Nice!,3
57,21,23,2024-11-12T11:28:24+00:00,Nice!,3
58,21,23,2025-03-27T11:24:14+00:00,Nice!,0
59,63,23,2025-07-17T23:49:59+00:00,So cute!,3
60,69,24,2025-08-21T12:19:49+00:00,So cute!,1
61,49,24,2024-11-07T03:11:35+00:00,Amazing!,4
62,16,25,2025-01-30T19:39:21+00:00,So cute!,5
63,52,27,2025-09-09T19:32:39+00:00,Great pic,3
64,9,27,2025-05-18T16:04:11+00:00,So cute!,5
65,57,27,2024-11-10T12:32:59+00:00,Great pic,0
66,52,27,2025-07-05T07:59:46+00:00,Amazing!,5
67,36,27,2024-10-26T01:54:02+00:00,Amazing!,0
68,16,28,2025-10-03T14:22:48+00:00,Lovely shot,5
69,9,28,2025-03-28T18:49:47+00:00,Amazing!,2
70,74,28,2024-11-06T12:41:33+00:00,Lovely shot,2
71,16,28,2025-05-01T02:53:22+00:00,Lovely shot,4
72,49,28,2025-02-09T10:21:18+00:00,Nice!,4
73,9,29,2025-05-25T14:12:15+00:00,Lovely shot,5
74,49,29,2025-06-05T09:24:37+00:00,Great pic,4
75,80,30,2025-04-12T17:13:02+00:00,Lovely shot,4
76,4,30,2025-02-07T15:51:08+00:00,Lovely shot,1
77,52,30,2025-09-07T03:12:43+00:00,Amazing!,1
78,92,31,2025-04-13T04:19:02+00:00,Great pic,2
79,20,31,2025-04-08T14:27:36+00:00,Amazing!,2
80,92,31,2025-06-14T02:19:50+00:00,Great pic,0
81,20,31,2025-08-06T12:56:26+00:00,Great pic,3
82,88,31,2025-01-01T13:15:18+00:00,Nice!,4
83,49,32,2025-03-02T01:14:55+00:00,So cute!,1
84,9,32,2025-03-16T04:03:25+00:00,Nice!,5
85,4,32,2025-10-26T07:13:22+00:00,Great pic,1
86,57,33,2024-12-17T22:31:01+00:00,Great pic,4
87,63,33,2025-02-13T00:25:37+00:00,Amazing!,2
88,80,33,2024-10-18T00:30:55+00:00,Nice!,3
89,36,34,2025-04-20T20:50:59+00:00,Nice!,3
90,20,34,2025-08-12T13:18:48+00:00,Nice!,2
91,69,34,2025-09-16T02:28:27+00:00,Lovely shot,0
92,74,34,2025-04-25T04:59:57+00:00,Nice!,2
93,57,35,2025-11-05T09:50:43+00:00,Great pic,0
94,31,36,2025-11-04T12:10:55+00:00,Great pic,4
95,23,36,2025-05-31T18:23:59+00:00,So cute!,2
96,4,36,2025-07-30T08:00:32+00:00,Great pic,0
97,9,36,2025-04-23T06:48:58+00:00,Lovely shot,0
98,88,38,2025-10-27T16:49:43+00:00,Amazing!,3
99,63,38,2024-12-03T12:28:48+00:00,Lovely shot,3
100,43,38,2025-05-24T22:32:35+00:00,So cute!,0
101,86,38,2025-05-19T21:23:33+00:00,Nice!,3
102,0,38,2025-04-28T10:33:05+00:00,Nice!,5
103,70,39,2025-05-02T10:16:09+00:00,Amazing!,2
104,52,39,2025-04-23T23:52:12+00:00,So cute!,1
105,80,39,2025-01-23T05:44:50+00:00,Amazing!,0
106,72,39,2024-10-15T03:51:29+00:00,So cute!,4
107,88,39,2025-01-13T08:44:00+00:00,Nice!,2
108,80,40,2025-01-21T22:32:21+00:00,Great pic,1
109,36,40,2025-02-02T01:28:27+00:00,Great pic,0
110,88,40,2025-01-20T12:40:31+00:00,Lovely shot,1
111,4,40,2025-03-30T02:00:14+00:00,Great pic,4
112,69,40,2025-07-03T08:57:00+00:00,Great pic,4
113,49,42,2025-08-07T09:54:38+00:00,Lovely shot,2
114,31,42,2025-01-08T22:43:03+00:00,Nice!,3
115,49,43,2025-03-13T18:57:25+00:00,Lovely shot,4
116,23,43,2025-11-18T00:04:55+00:00,Great pic,2
117,31,43,2025-07-24T11:43:21+00:00,Nice!,4
118,27,43,2025-10-28T12:37:38+00:00,Nice!,2
119,16,44,2025-11-17T11:33:37+00:00,So cute!,3
120,4,45,2025-09-17T07:03:12+00:00,Nice!,5
121,16,45,2025-09-15T08:53:44+00:00,Great pic,3
122,74,45,2025-03-30T07:29:02+00:00,Lovely shot,1
123,52,45,2025-07-10T13:41:35+00:00,Nice!,4
124,4,45,2025-05-30T18:55:26+00:00,Great pic,1
125,27,46,2025-03-23T13:13:02+00:00,So cute!,3
126,16,46,2025-08-11T21:19:43+00:00,Great pic,0
127,9,47,2025-07-16T11:17:26+00:00,Amazing!,1
128,23,47,2024-12-02T23:27:26+00:00,Amazing!,3
129,88,47,2024-12-28T17:00:01+00:00,Lovely shot,3
130,23,47,2025-08-11T21:29:07+00:00,Lovely shot,4
131,76,47,2025-05-19T11:28:31+00:00,Great pic,3
132,92,48,2025-10-08T05:24:21+00:00,Great pic,0
133,43,48,2025-04-17T04:57:46+00:00,Lovely shot,2
134,92,48,2024-11-02T02:34:54+00:00,So cute!,4
135,54,49,2025-11-05T23:10:57+00:00,Great pic,4
136,23,49,2025-09-10T22:16:01+00:00,Nice!,0
137,72,49,2025-04-11T18:24:09+00:00,Nice!,5
138,20,49,2025-07-05T13:26:09+00:00,Nice!,2
139,69,50,2025-01-07T06:59:37+00:00,Great pic,0
140,20,50,2025-01-29T23:38:03+00:00,Amazing!,0
141,68,50,2025-01-21T22:45:28+00:00,Great pic,0
142,4,50,2024-10-13T19:17:39+00:00,Lovely shot,0
143,44,50,2024-11-20T19:31:41+00:00,So cute!,5
144,68,51,2025-08-07T19:33:39+00:00,Great pic,2
145,54,53,2025-08-23T08:28:08+00:00,Nice!,1
146,60,53,2025-05-06T02:18:48+00:00,So cute!,0
147,86,53,2025-09-28T20:46:43+00:00,So cute!,3
148,80,53,2024-10-28T14:14:29+00:00,Amazing!,3
149,86,54,2024-11-21T02:39:42+00:00,Great pic,1
150,69,54,2025-04-21T21:19:04+00:00,Great pic,4
151,27,54,2025-08-01T13:25:02+00:00,Amazing!,4
152,94,54,2025-09-26T22:48:43+00:00,Nice!,4
153,49,55,2025-05-22T14:23:38+00:00,Lovely shot,2
154,59,55,2024-12-24T18:11:52+00:00,So cute!,0
155,60,55,2024-11-07T20:09:37+00:00,Amazing!,3
156,23,55,2025-03-20T16:27:12+00:00,Great pic,1
157,60,55,2025-06-19T15:20:40+00:00,Lovely shot,5
158,52,56,2025-08-15T04:55:17+00:00,So cute!,5
159,94,57,2024-11-04T14:12:04+00:00,Lovely shot,0
160,68,57,2024-10-13T23:13:42+00:00,Nice!,1
161,80,57,2025-01-17T08:04:09+00:00,Lovely shot,2
162,52,57,2025-05-05T20:15:43+00:00,Lovely shot,1
163,36,58,2025-11-17T01:27:21+00:00,Great pic,4
164,92,58,2024-12-22T03:50:52+00:00,So cute!,4
165,74,58,2025-04-17T16:07:47+00:00,Lovely shot,5
166,31,58,2024-11-18T01:11:23+00:00,Lovely shot,1
167,44,59,2025-09-22T04:17:52+00:00,Lovely shot,4
168,33,59,2025-10-11T03:08:01+00:00,Nice!,4
169,80,59,2024-10-16T22:23:07+00:00,Nice!,3
170,27,59,2025-03-17T02:26:34+00:00,Lovely shot,5
171,20,59,2025-10-05T13:09:14+00:00,Amazing!,5
172,60,62,2025-09-22T14:01:46+00:00,Great pic,4
173,16,62,2025-02-12T02:32:36+00:00,Amazing!,4
174,21,62,2025-10-28T06:40:41+00:00,Lovely shot,0
175,54,62,2025-08-17T15:00:56+00:00,Lovely shot,3
176,27,63,2025-06-19T18:40:01+00:00,So cute!,2
177,16,63,2025-02-16T06:03:00+00:00,Lovely shot,3
178,16,63,2025-01-15T15:07:53+00:00,Amazing!,5
179,49,63,2025-06-06T18:33:34+00:00,So cute!,2
180,0,64,2024-11-30T09:43:01+00:00,Great pic,2
181,27,64,2025-10-21T23:14:22+00:00,Nice!,2
182,57,64,2024-10-23T17:44:18+00:00,Amazing!,5
183,11,64,2025-04-07T16:10:54+00:00,Amazing!,3
184,20,65,2025-09-12T19:06:54+00:00,Lovely shot,3
185,86,65,2025-09-04T04:59:32+00:00,Lovely shot,1
186,44,66,2024-12-07T20:33:20+00:00,Nice!,2
187,94,66,2025-07-01T14:35:20+00:00,Amazing!,4
188,92,67,2025-06-14T04:58:27+00:00,Great pic,4
189,25,67,2025-04-19T19:46:37+00:00,Great pic,1
190,22,67,2025-10-04T23:52:31+00:00,Amazing!,3
191,21,67,2025-03-03T10:26:26+00:00,So cute!,0
192,31,67,2025-07-21T18:39:49+00:00,Nice!,4
193,52,68,2024-11-23T03:57:44+00:00,Nice!,1
194,55,68,2025-07-30T08:34:11+00:00,So cute!,0
195,49,68,2025-07-19T10:54:27+00:00,Great pic,0
196,45,68,2025-06-29T03:47:59+00:00,Lovely shot,3
197,23,68,2024-11-05T16:35:51+00:00,Nice!,4
198,79,70,2025-07-07T06:05:52+00:00,Lovely shot,5
199,11,70,2025-05-09T21:30:44+00:00,So cute!,5
200,21,70,2024-12-05T06:16:04+00:00,Amazing!,1
201,94,70,2024-12-20T04:33:40+00:00,So cute!,0
202,49,71,2025-07-14T08:23:23+00:00,So cute!,3
203,88,71,2025-11-12T18:18:28+00:00,Great pic,4
204,55,72,2024-12-20T04:16:59+00:00,Lovely shot,1
205,51,72,2025-07-06T16:16:35+00:00,Nice!,2
206,49,72,2025-04-02T02:28:17+00:00,Great pic,5
207,55,72,2025-10-22T04:26:02+00:00,Lovely shot,4
208,31,73,2025-06-01T12:29:20+00:00,So cute!,5
209,21,73,2025-07-13T14:24:43+00:00,Great pic,3
210,70,73,2024-12-01T14:32:15+00:00,Great pic,3
211,27,74,2024-12-17T09:57:04+00:00,So cute!,3
212,0,76,2024-11-04T01:12:34+00:00,So cute!,0
213,32,76,2025-08-25T11:14:29+00:00,So cute!,1
214,88,77,2025-03-20T04:31:50+00:00,Great pic,5
215,46,77,2025-07-11T14:52:54+00:00,Lovely shot,1
216,70,77,2025-07-27T10:35:48+00:00,Lovely shot,5
217,63,77,2025-05-11T10:09:36+00:00,Amazing!,5
218,63,78,2025-02-12T10:03:15+00:00,Lovely shot,5
219,80,78,2025-08-08T04:58:33+00:00,Lovely shot,3
220,55,78,2024-11-22T08:43:11+00:00,Lovely shot,0
221,92,78,2025-10-04T14:49:31+00:00,Great pic,5
222,55,79,2025-06-13T01:01:52+00:00,So cute!,2
223,60,84,2024-12-11T22:50:51+00:00,Lovely shot,2
224,44,85,2024-10-15T21:37:47+00:00,Lovely shot,0
225,10,86,2025-11-01T04:01:08+00:00,Amazing!,1
226,79,86,2025-02-11T03:27:45+00:00,Great pic,4
227,67,86,2025-05-30T14:48:24+00:00,Lovely shot,0
228,70,87,2025-09-28T21:48:45+00:00,Lovely shot,1
229,91,88,2025-11-05T02:21:37+00:00,Great pic,5
230,91,88,2025-05-02T08:00:09+00:00,Lovely shot,4
231,60,88,2025-02-22T11:13:45+00:00,Amazing!,5
232,55,89,2025-09-29T21:24:32+00:00,Amazing!,3
233,4,89,2025-03-08T15:56:07+00:00,Great pic,5
