id,user_id,post_id,created_at
1,80,1,2025-02-18T05:30:47+00:00
2,80,1,2025-06-12T23:49:54+00:00
3,80,2,2025-08-12T06:45:55+00:00
4,80,2,2025-07-18T22:14:22+00:00
5,63,2,2025-10-03T00:29:55+00:00
6,63,2,2025-03-02T09:36:48+00:00
7,80,2,2025-06-16T07:21:24+00:00
8,63,2,2024-11-21T22:53:00+00:00
9,63,2,2025-02-14T20:01:45+00:00
10,63,2,2025-04-05T00:05:29+00:00
11,63,2,2025-06-08T06:28:08+00:00
12,80,2,2025-06-22T20:43:59+00:00
13,80,3,2025-10-07T07:44:42+00:00
14,63,3,2024-11-21T08:19:43+00:00
15,63,3,2025-02-23T18:51:12+00:00
16,80,3,2024-12-05T05:57:13+00:00
17,63,3,2025-01-25T17:24:27+00:00
18,63,3,2025-03-10T04:04:57+00:00
19,63,3,2025-10-06T15:37:10+00:00
20,80,3,2025-03-13T06:03:10+00:00
21,63,3,2025-08-12T18:34:44+00:00
22,80,3,2024-11-08T17:33:34+00:00
23,80,4,2025-03-17T19:45:39+00:00
24,80,4,2024-12-06T02:35:53+00:00
25,63,4,2025-01-04T23:43:56+00:00
26,63,4,2025-10-13T19:23:15+00:00
27,80,4,2024-12-21T16:27:59+00:00
28,63,4,2025-04-08T20:51:45+00:00
29,80,4,2025-03-05T10:25:12+00:00
30,80,5,2025-01-16T11:19:25+00:00
31,92,5,2025-08-21T02:56:49+00:00
32,63,5,2024-12-04T12:30:12+00:00
33,92,5,2025-03-02T16:05:18+00:00
34,92,5,2025-05-19T13:16:39+00:00
35,92,5,2025-07-12T21:50:31+00:00
36,92,5,2024-11-30T02:58:29+00:00
37,63,5,2024-11-04T00:32:55+00:00
38,63,5,2024-11-05T01:45:50+00:00
39,92,5,2025-06-27T22:31:06+00:00
40,63,6,2024-11-25T15:15:09+00:00
41,63,6,2025-07-18T19:18:18+00:00
42,69,6,2025-05-08T06:44:31+00:00
43,69,6,2025-11-01T12:46:54+00:00
44,69,6,2024-10-19T01:43:28+00:00
45,63,6,2025-04-04T01:06:06+00:00
46,92,6,2024-11-23T21:41:11+00:00
47,69,6,2025-02-20T09:41:13+00:00
48,80,6,2025-10-29T09:25:14+00:00
49,92,6,2025-06-11T10:25:43+00:00
50,63,7,2025-06-16T17:14:02+00:00
51,63,7,2025-09-27T10:06:41+00:00
52,69,7,2025-01-01T00:27:57+00:00
53,80,8,2025-08-04T17:58:24+00:00
54,9,8,2025-06-09T14:04:10+00:00
55,9,8,2025-10-27T05:18:21+00:00
56,69,8,2024-11-18T03:58:30+00:00
57,69,8,2024-12-25T11:34:25+00:00
58,92,8,2025-02-15T20:56:11+00:00
59,63,8,2025-05-09T06:03:04+00:00
60,92,8,2025-11-13T22:23:12+00:00
61,63,8,2025-07-02T15:17:19+00:00
62,92,8,2025-05-14T00:00:57+00:00
63,63,9,2025-02-24T00:50:51+00:00
64,92,9,2025-04-25T15:28:00+00:00
65,9,10,2025-05-09T04:10:00+00:00
66,80,10,2025-10-16T00:20:42+00:00
67,63,10,2024-10-30T19:22:45+00:00
68,80,10,2025-05-05T03:08:30+00:00
69,80,10,2025-04-30T07:10:01+00:00
70,9,10,2025-06-22T11:05:48+00:00
71,69,10,2025-01-22T19:31:04+00:00
72,69,10,2025-10-06T14:01:02+00:00
73,63,10,2025-07-07T06:07:12+00:00
74,63,10,2025-04-11T20:26:21+00:00
75,69,11,2024-10-28T20:05:04+00:00
76,80,11,2025-03-08T12:56:19+00:00
77,92,11,2025-08-03T04:05:23+00:00
78,80,11,2025-07-30T04:43:47+00:00
79,63,11,2025-09-25T20:13:11+00:00
80,69,11,2025-05-08T14:15:38+00:00
81,9,11,2025-09-01T23:36:50+00:00
82,9,11,2025-03-13T22:01:28+00:00
83,9,11,2025-04-24T04:11:08+00:00
84,74,11,2025-04-15T08:27:01+00:00
85,80,12,2025-06-18T02:52:16+00:00
86,43,12,2025-04-02T15:23:28+00:00
87,43,12,2025-08-27T22:00:33+00:00
88,43,12,2024-12-17T10:39:10+00:00
89,92,12,2025-03-04T13:30:40+00:00
90,9,12,2025-03-06T02:12:13+00:00
91,9,12,2025-10-02T08:34:04+00:00
92,43,12,2025-01-15T00:38:51+00:00
93,74,12,2025-04-13T19:55:25+00:00
94,92,12,2025-02-16T05:37:58+00:00
95,43,13,2025-04-23T13:26:27+00:00
96,43,13,2025-05-06T01:09:39+00:00
97,63,13,2024-12-24T22:47:31+00:00
98,63,13,2025-06-24T15:15:58+00:00
99,80,13,2025-10-30T09:54:11+00:00
100,69,13,2025-09-06T09:31:14+00:00
101,43,13,2025-01-14T00:27:21+00:00
102,74,13,2024-11-25T21:54:59+00:00
103,43,13,2025-05-21T12:27:31+00:00
104,80,13,2025-01-08T10:27:03+00:00
105,74,14,2025-08-10T13:28:05+00:00
106,21,14,2025-09-23T01:14:14+00:00
107,21,14,2025-01-07T04:24:21+00:00
108,74,14,2024-12-19T22:54:04+00:00
109,9,14,2025-09-13T13:18:50+00:00
110,9,14,2024-11-01T23:00:07+00:00
111,69,14,2025-10-29T13:09:16+00:00
112,21,14,2025-05-11T20:29:33+00:00
113,21,14,2025-05-19T04:25:00+00:00
114,63,14,2025-10-27T01:58:19+00:00
115,43,15,2024-12-01T12:14:40+00:00
116,80,15,2025-03-08T15:36:47+00:00
117,9,15,2025-10-08T14:35:36+00:00
118,63,15,2025-09-16T14:20:51+00:00
119,80,15,2025-05-25T14:45:42+00:00
120,92,15,2025-11-12T19:02:08+00:00
121,74,15,2025-10-12T05:42:23+00:00
122,92,15,2025-08-04T03:18:36+00:00
123,69,15,2024-12-15T22:56:33+00:00
124,80,15,2025-06-20T13:59:17+00:00
125,21,16,2025-09-21T10:04:18+00:00
126,74,16,2024-11-20T18:01:34+00:00
127,92,16,2025-11-03T19:51:01+00:00
128,74,16,2025-05-30T10:11:34+00:00
129,9,16,2025-06-19T07:17:10+00:00
130,74,16,2025-08-15T05:50:11+00:00
131,63,16,2025-09-26T08:00:48+00:00
132,9,16,2025-08-29T13:42:59+00:00
133,92,16,2025-09-14T19:18:54+00:00
134,74,16,2025-03-02T18:35:10+00:00
135,69,17,2025-04-04T04:23:20+00:00
136,74,17,2024-12-26T08:09:35+00:00
137,80,17,2025-05-09T12:33:00+00:00
138,80,17,2025-04-18T15:45:09+00:00
139,21,17,2025-08-05T13:53:54+00:00
140,9,17,2025-03-22T00:06:45+00:00
141,92,17,2025-09-23T17:20:36+00:00
142,63,17,2025-02-05T05:22:49+00:00
143,92,17,2024-11-23T11:11:00+00:00
144,43,17,2025-08-15T12:04:26+00:00
145,21,18,2025-10-01T09:18:28+00:00
146,69,18,2025-02-12T12:40:15+00:00
147,9,18,2024-12-30T02:38:26+00:00
148,63,18,2025-07-03T01:57:05+00:00
149,80,18,2025-07-09T12:55:17+00:00
150,20,18,2025-01-24T13:00:04+00:00
151,21,18,2025-09-26T18:13:50+00:00
152,74,18,2025-06-25T20:17:25+00:00
153,49,18,2025-10-06T02:08:13+00:00
154,63,18,2025-07-06T16:18:03+00:00
155,69,19,2025-02-18T23:35:37+00:00
156,43,19,2024-12-28T07:38:12+00:00
157,43,19,2024-11-03T17:17:01+00:00
158,9,19,2025-04-05T13:53:26+00:00
159,49,19,2024-12-31T22:24:36+00:00
160,92,19,2025-09-15T23:02:23+00:00
161,43,19,2025-04-26T05:54:28+00:00
162,21,19,2025-09-07T07:03:10+00:00
163,57,19,2025-06-17T14:32:12+00:00
164,57,19,2025-03-20T12:18:51+00:00
165,74,20,2025-10-27T23:11:55+00:00
166,49,20,2025-11-16T17:35:07+00:00
167,57,20,2024-11-24T16:46:37+00:00
168,70,20,2025-07-24T22:18:20+00:00
169,31,20,2025-01-28T16:56:41+00:00
170,69,20,2025-09-25T11:37:32+00:00
171,21,20,2024-11-16T15:24:20+00:00
172,43,20,2025-08-23T15:23:15+00:00
173,43,20,2024-12-21T11:34:48+00:00
174,92,20,2025-04-02T22:03:26+00:00
175,49,21,2024-11-20T01:36:53+00:00
176,43,21,2025-10-31T18:54:25+00:00
177,57,21,2025-10-05T20:37:41+00:00
178,74,21,2025-10-19T04:11:46+00:00
179,57,21,2025-08-21T18:56:31+00:00
180,49,21,2025-06-18T05:07:37+00:00
181,63,21,2024-11-22T08:46:55+00:00
182,31,21,2025-06-25T14:34:22+00:00
183,43,21,2025-03-29T01:27:49+00:00
184,57,21,2024-11-26T08:38:10+00:00
185,63,22,2025-04-12T19:20:20+00:00
186,49,22,2025-04-28T07:07:12+00:00
187,69,22,2025-03-30T20:24:22+00:00
188,74,22,2025-01-10T23:42:06+00:00
189,49,22,2025-10-05T15:48:44+00:00
190,74,22,2025-02-16T10:50:04+00:00
191,74,22,2025-07-11T02:22:41+00:00
192,20,22,2025-10-26T20:30:19+00:00
193,74,22,2025-10-07T19:47:48+00:00
194,52,22,2025-02-22T14:50:22+00:00
195,36,23,2025-07-31T11:23:04+00:00
196,49,23,2025-10-09T11:53:00+00:00
197,20,23,2024-10-27T13:03:55+00:00
198,80,23,2025-08-17T18:20:07+00:00
199,21,23,2025-07-28T22:45:51+00:00
200,52,23,2025-06-28T14:36:29+00:00
201,74,23,2025-04-09T23:31:17+00:00
202,20,23,2025-06-24T05:12:55+00:00
203,20,23,2025-08-06T16:37:38+00:00
204,31,23,2025-04-05T08:42:44+00:00
205,52,24,2025-10-23T22:59:36+00:00
206,31,24,2024-12-22T17:30:24+00:00
207,69,24,2024-11-05T06:52:07+00:00
208,70,24,2025-07-23T07:31:31+00:00
209,49,24,2025-07-27T18:41:04+00:00
210,92,24,2025-02-25T16:13:52+00:00
211,57,24,2025-07-21T13:50:24+00:00
212,16,24,2025-06-24T06:14:08+00:00
213,74,24,2025-09-09T02:51:48+00:00
214,57,24,2025-05-14T06:06:46+00:00
215,9,25,2025-07-21T13:25:28+00:00
216,70,25,2025-01-10T05:54:32+00:00
217,9,25,2024-12-30T09:16:45+00:00
218,69,25,2025-01-07T02:28:50+00:00
219,4,25,2025-01-16T14:22:15+00:00
220,16,25,2025-03-29T16:11:18+00:00
221,80,25,2025-07-28T07:12:06+00:00
222,74,25,2024-12-14T09:24:58+00:00
223,16,25,2025-02-11T15:59:50+00:00
224,43,26,2025-06-08T16:48:22+00:00
225,31,26,2025-10-18T19:49:50+00:00
226,63,26,2025-06-09T18:20:23+00:00
227,57,26,2025-04-06T03:28:36+00:00
228,21,26,2025-07-07T14:53:48+00:00
229,74,26,2025-06-15T02:48:34+00:00
230,70,26,2025-01-28T07:47:04+00:00
231,63,26,2024-11-08T04:28:27+00:00
232,9,26,2025-05-22T02:37:38+00:00
233,16,26,2025-01-01T01:11:42+00:00
234,52,27,2025-05-02T21:11:25+00:00
235,80,27,2025-03-06T22:23:42+00:00
236,4,27,2024-11-07T22:01:59+00:00
237,92,27,2025-06-02T18:47:06+00:00
238,74,27,2025-07-15T02:37:39+00:00
239,74,27,2024-11-02T06:59:15+00:00
240,74,27,2024-11-16T00:34:12+00:00
241,52,27,2025-01-15T23:39:13+00:00
242,36,27,2024-11-19T21:57:49+00:00
243,63,27,2025-07-11T15:02:22+00:00
244,44,28,2025-07-07T02:01:59+00:00
245,36,28,2025-04-29T23:03:29+00:00
246,31,28,2025-05-24T09:22:07+00:00
247,63,28,2025-11-07T17:29:10+00:00
248,63,28,2025-07-10T06:14:15+00:00
249,49,28,2024-12-01T19:53:15+00:00
250,4,28,2025-02-26T15:02:18+00:00
251,31,28,2025-07-12T19:49:09+00:00
252,69,28,2025-02-01T15:25:59+00:00
253,21,28,2025-01-21T08:01:47+00:00
254,52,29,2025-08-23T03:23:27+00:00
255,9,29,2025-01-31T01:50:25+00:00
256,36,29,2025-09-14T14:59:59+00:00
257,80,29,2024-11-13T09:56:11+00:00
258,20,29,2024-10-31T05:08:16+00:00
259,43,29,2025-10-13T07:26:37+00:00
260,52,29,2025-06-28T21:05:55+00:00
261,4,29,2025-08-24T01:07:24+00:00
262,74,29,2025-01-25T23:25:15+00:00
263,0,30,2025-05-05T14:17:10+00:00
264,36,30,2025-10-30T06:58:50+00:00
265,52,30,2024-12-27T05:04:04+00:00
266,21,30,2025-11-09T14:14:22+00:00
267,4,30,2025-08-28T20:20:45+00:00
268,70,30,2024-12-31T09:19:58+00:00
269,80,30,2024-11-08T18:21:17+00:00
270,0,30,2025-07-17T17:26:04+00:00
271,74,30,2024-10-25T12:08:12+00:00
272,92,30,2025-01-28T11:06:36+00:00
273,36,31,2025-05-20T06:43:07+00:00
274,9,31,2025-02-02T17:17:36+00:00
275,57,31,2025-11-05T12:56:01+00:00
276,16,31,2025-02-23T22:30:00+00:00
277,63,31,2025-10-07T06:49:23+00:00
278,70,31,2025-05-18T03:15:51+00:00
279,92,31,2025-08-12T23:23:35+00:00
280,44,31,2025-03-22T01:51:28+00:00
281,57,31,2025-11-05T15:57:58+00:00
282,31,31,2025-09-14T04:17:14+00:00
283,70,32,2025-01-23T00:24:47+00:00
284,92,32,2025-02-04T21:04:37+00:00
285,20,32,2025-08-06T17:55:34+00:00
286,57,32,2024-11-24T18:11:03+00:00
287,20,32,2025-02-26T10:48:28+00:00
288,9,32,2024-10-26T11:05:11+00:00
289,44,32,2025-09-01T02:01:20+00:00
290,88,32,2025-01-22T20:59:04+00:00
291,88,32,2025-03-01T02:11:50+00:00
292,57,32,2025-10-12T20:24:17+00:00
293,86,33,2025-05-21T06:39:53+00:00
294,36,33,2025-05-30T13:39:46+00:00
295,4,33,2025-05-16T04:15:03+00:00
296,69,33,2025-09-09T15:53:24+00:00
297,80,33,2025-08-16T22:52:22+00:00
298,80,33,2025-05-29T05:18:36+00:00
299,43,33,2025-10-26T12:21:37+00:00
300,88,33,2025-10-17T16:05:43+00:00
301,31,33,2025-10-22T05:33:57+00:00
302,74,33,2025-05-19T00:36:32+00:00
303,36,34,2025-02-07T09:22:04+00:00
304,16,34,2025-10-08T01:32:40+00:00
305,44,34,2025-04-26T17:52:47+00:00
306,80,34,2024-12-21T08:38:44+00:00
307,69,34,2025-10-07T15:16:52+00:00
308,70,34,2025-09-28T10:15:54+00:00
309,63,34,2025-08-31T08:37:08+00:00
310,88,34,2025-06-25T02:05:16+00:00
311,80,34,2025-05-09T15:07:58+00:00
312,74,34,2025-02-10T22:04:47+00:00
313,21,35,2025-07-17T04:17:01+00:00
314,49,35,2025-06-02T21:14:15+00:00
315,21,35,2025-05-21T19:11:52+00:00
316,74,35,2025-04-16T10:34:26+00:00
317,70,35,2025-02-01T22:24:12+00:00
318,31,35,2025-02-02T02:56:14+00:00
319,74,35,2025-01-24T03:13:21+00:00
320,23,35,2025-05-02T21:10:00+00:00
321,9,35,2025-11-09T02:30:41+00:00
322,57,35,2025-03-02T03:17:35+00:00
323,52,36,2025-04-08T18:29:02+00:00
324,16,36,2025-05-06T19:14:04+00:00
325,31,36,2025-07-18T03:56:03+00:00
326,16,36,2025-04-28T06:15:37+00:00
327,92,36,2025-07-11T17:23:00+00:00
328,4,36,2025-05-11T07:40:54+00:00
329,80,36,2025-01-12T05:09:35+00:00
330,16,36,2025-07-19T17:22:07+00:00
331,63,36,2025-01-09T15:43:11+00:00
332,31,36,2025-01-01T23:32:39+00:00
333,52,37,2024-11-08T13:06:54+00:00
334,52,37,2025-09-25T10:39:16+00:00
335,86,37,2025-03-26T21:33:07+00:00
336,74,37,2025-05-27T10:09:24+00:00
337,52,37,2025-08-28T05:56:20+00:00
338,49,37,2024-10-23T09:05:37+00:00
339,69,37,2025-05-13T14:51:05+00:00
340,9,37,2024-12-31T14:24:25+00:00
341,16,37,2024-12-30T08:32:30+00:00
342,63,37,2025-08-09T18:02:51+00:00
343,72,38,2024-11-21T00:35:39+00:00
344,52,38,2025-02-12T07:15:37+00:00
345,9,38,2025-08-23T21:51:30+00:00
346,43,38,2025-08-25T19:07:02+00:00
347,80,38,2025-02-22T22:29:32+00:00
348,16,38,2025-05-19T04:43:56+00:00
349,49,38,2024-11-16T15:13:28+00:00
350,23,38,2025-09-18T12:32:28+00:00
351,20,38,2025-08-28T14:57:31+00:00
352,88,38,2025-03-06T15:20:51+00:00
353,72,39,2024-11-08T05:03:41+00:00
354,74,39,2025-05-10T00:19:09+00:00
355,63,39,2025-11-12T23:13:34+00:00
356,70,39,2024-11-13T09:55:33+00:00
357,57,39,2025-09-23T10:56:53+00:00
358,70,39,2025-01-22T18:11:02+00:00
359,23,39,2025-03-13T19:06:01+00:00
360,74,39,2025-02-03T07:20:36+00:00
361,92,39,2024-10-14T08:55:56+00:00
362,74,39,2025-11-04T04:00:32+00:00
363,88,40,2025-04-30T10:13:05+00:00
364,20,40,2025-08-17T19:03:43+00:00
365,44,40,2025-05-15T21:37:08+00:00
366,49,40,2025-01-10T22:11:52+00:00
367,36,40,2025-10-14T00:56:02+00:00
368,16,40,2025-04-30T06:48:57+00:00
369,52,40,2025-02-07T00:04:09+00:00
370,20,40,2025-03-16T19:03:59+00:00
371,69,40,2025-06-19T22:17:29+00:00
372,70,40,2025-09-30T22:22:49+00:00
373,80,41,2025-11-01T12:42:20+00:00
374,44,41,2024-11-24T05:31:10+00:00
375,16,41,2024-11-17T23:31:49+00:00
376,16,41,2025-02-04T14:47:01+00:00
377,27,41,2025-05-26T23:52:36+00:00
378,23,41,2025-11-15T18:37:41+00:00
379,21,41,2025-03-08T16:05:11+00:00
380,20,41,2025-07-26T03:06:04+00:00
381,16,41,2025-05-20T08:53:47+00:00
382,57,41,2025-10-03T00:36:21+00:00
383,70,42,2025-03-06T10:16:49+00:00
384,21,42,2024-12-17T13:48:47+00:00
385,88,42,2025-05-18T11:42:07+00:00
386,20,42,2025-05-18T12:49:56+00:00
387,27,42,2024-10-21T17:07:12+00:00
388,69,42,2025-03-17T16:49:10+00:00
389,69,42,2025-04-03T21:48:40+00:00
390,70,42,2025-07-16T20:37:17+00:00
391,57,42,2025-03-07T19:06:04+00:00
392,69,42,2024-12-04T13:27:00+00:00
393,43,43,2024-11-11T15:31:44+00:00
394,74,43,2025-09-21T20:50:39+00:00
395,22,43,2024-11-25T14:10:09+00:00
396,80,43,2025-07-22T01:50:12+00:00
397,80,43,2025-05-06T07:57:51+00:00
398,80,43,2025-09-12T23:11:11+00:00
399,76,43,2025-01-12T05:22:06+00:00
400,43,43,2025-10-07T10:27:28+00:00
401,43,43,2025-11-17T08:29:13+00:00
402,86,43,2025-04-20T00:59:47+00:00
403,27,44,2025-10-27T05:00:30+00:00
404,20,44,2025-11-03T06:12:29+00:00
405,70,44,2024-11-22T14:02:55+00:00
406,76,44,2025-05-29T10:54:04+00:00
407,88,44,2025-09-10T05:43:53+00:00
408,4,44,2025-10-01T18:15:46+00:00
409,69,44,2024-11-17T23:39:35+00:00
410,20,44,2025-11-05T22:15:41+00:00
411,86,44,2024-10-18T03:26:23+00:00
412,9,44,2025-05-07T19:53:16+00:00
413,70,45,2025-03-16T12:29:23+00:00
414,80,45,2025-04-04T03:12:32+00:00
415,44,45,2025-04-24T11:11:11+00:00
416,21,45,2025-04-12T18:39:03+00:00
417,20,45,2025-03-18T10:07:48+00:00
418,9,45,2025-07-24T11:22:29+00:00
419,49,45,2025-05-17T03:38:31+00:00
420,16,45,2025-01-15T22:00:35+00:00
421,76,45,2025-02-24T00:14:23+00:00
422,43,45,2025-06-17T08:34:30+00:00
423,22,46,2024-10-18T15:05:11+00:00
424,27,46,2024-12-03T08:27:43+00:00
425,43,46,2024-11-12T15:29:01+00:00
426,74,46,2025-02-25T07:39:57+00:00
427,72,46,2025-01-17T06:12:45+00:00
428,52,46,2025-09-01T04:21:40+00:00
429,72,46,2025-01-05T09:27:43+00:00
430,23,46,2025-01-29T19:39:32+00:00
431,86,46,2025-04-07T02:13:46+00:00
432,23,47,2025-06-08T10:22:03+00:00
433,92,47,2025-09-03T19:25:33+00:00
434,27,47,2025-09-20T21:45:22+00:00
435,31,47,2025-03-25T07:44:43+00:00
436,43,47,2025-05-14T01:43:51+00:00
437,80,47,2025-04-24T19:52:45+00:00
438,92,47,2025-04-20T06:06:40+00:00
439,0,47,2025-04-21T07:44:10+00:00
440,43,47,2024-12-29T03:16:37+00:00
441,23,47,2025-09-09T08:06:01+00:00
442,68,48,2025-11-03T06:01:23+00:00
443,68,48,2025-02-28T14:02:49+00:00
444,9,48,2025-03-24T18:01:11+00:00
445,69,48,2025-01-18T11:08:50+00:00
446,20,48,2025-07-28T13:29:36+00:00
447,31,48,2024-11-01T08:58:30+00:00
448,57,48,2025-07-24T05:56:17+00:00
449,20,48,2025-10-04T01:49:31+00:00
450,9,48,2025-06-09T04:36:05+00:00
451,0,48,2025-02-02T09:46:04+00:00
452,49,49,2025-05-10T04:59:36+00:00
453,22,49,2024-12-26T20:31:36+00:00
454,54,49,2025-02-13T07:41:49+00:00
455,63,49,2025-05-28T08:39:46+00:00
456,23,50,2025-07-23T12:53:57+00:00
457,9,51,2025-06-29T06:59:55+00:00
458,23,51,2024-10-17T03:24:40+00:00
459,92,51,2024-12-14T15:28:57+00:00
460,49,51,2024-11-21T15:39:28+00:00
461,63,51,2025-10-05T05:09:21+00:00
462,80,51,2025-06-21T23:15:11+00:00
463,74,51,2024-11-18T17:24:15+00:00
464,43,51,2025-02-28T07:13:57+00:00
465,70,51,2025-04-03T00:11:26+00:00
466,52,51,2025-03-05T08:03:42+00:00
467,74,52,2025-06-19T18:39:06+00:00
468,88,52,2025-04-08T16:59:17+00:00
469,63,52,2025-11-07T03:07:42+00:00
470,88,52,2025-07-04T00:39:15+00:00
471,68,52,2024-12-14T16:01:39+00:00
472,57,52,2025-02-10T03:38:05+00:00
473,49,52,2025-10-24T18:22:07+00:00
474,68,52,2024-11-28T08:37:07+00:00
475,9,52,2025-07-08T05:41:10+00:00
476,63,52,2025-05-03T12:11:13+00:00
477,21,53,2025-02-21T18:27:06+00:00
478,94,53,2025-06-26T17:39:00+00:00
479,22,53,2025-04-11T10:17:21+00:00
480,69,53,2025-08-25T08:20:27+00:00
481,72,53,2025-08-06T18:21:14+00:00
482,49,53,2025-07-27T16:28:28+00:00
483,49,53,2025-08-14T07:20:30+00:00
484,4,53,2025-02-13T02:26:08+00:00
485,70,53,2025-07-21T12:13:54+00:00
486,57,53,2025-07-16T07:02:23+00:00
487,80,54,2025-10-08T03:02:37+00:00
488,16,54,2024-11-01T13:00:52+00:00
489,55,54,2024-12-07T17:23:11+00:00
490,76,54,2025-05-25T12:59:56+00:00
491,4,54,2024-11-12T00:38:15+00:00
492,57,54,2025-01-21T18:35:32+00:00
493,52,54,2025-10-26T01:28:26+00:00
494,9,54,2024-11-28T11:10:48+00:00
495,27,55,2025-04-29T06:21:21+00:00
496,22,55,2024-11-26T09:10:05+00:00
497,86,55,2024-12-07T06:52:02+00:00
498,16,55,2025-08-13T11:43:25+00:00
499,52,55,2025-07-05T08:42:00+00:00
500,57,55,2025-03-02T22:19:15+00:00
501,59,55,2024-12-21T10:06:08+00:00
502,23,55,2025-07-08T11:38:50+00:00
503,86,55,2025-03-29T03:44:33+00:00
504,69,55,2024-11-09T20:21:09+00:00
505,54,56,2025-01-09T17:40:55+00:00
506,70,57,2025-03-08T03:28:02+00:00
507,88,58,2024-12-16T17:26:15+00:00
508,94,58,2025-03-16T05:15:21+00:00
509,23,58,2025-07-02T03:54:32+00:00
510,9,58,2025-03-28T21:37:03+00:00
511,43,58,2025-02-28T17:59:59+00:00
512,22,58,2025-01-10T11:07:27+00:00
513,76,58,2024-12-09T21:38:13+00:00
514,76,58,2024-10-21T22:49:32+00:00
515,21,58,2025-01-22T23:22:13+00:00
516,36,59,2025-10-24T19:48:34+00:00
517,76,59,2025-11-04T01:42:37+00:00
518,22,59,2025-09-11T07:01:44+00:00
519,86,59,2025-04-23T12:41:32+00:00
520,33,59,2025-10-20T11:12:02+00:00
521,33,59,2025-09-04T07:01:05+00:00
522,20,59,2024-12-23T19:52:46+00:00
523,57,59,2025-10-03T06:26:10+00:00
524,60,59,2025-06-23T17:40:29+00:00
525,4,59,2025-08-01T12:44:59+00:00
526,0,60,2025-08-30T22:17:58+00:00
527,59,60,2025-09-10T23:15:30+00:00
528,23,60,2025-11-14T15:39:21+00:00
529,49,60,2025-06-01T06:22:13+00:00
530,9,60,2025-10-04T13:50:47+00:00
531,52,60,2025-07-11T11:00:18+00:00
532,23,60,2024-12-03T09:45:46+00:00
533,60,60,2025-02-16T08:15:37+00:00
534,74,60,2025-10-07T15:56:23+00:00
535,55,60,2025-05-05T12:44:38+00:00
536,59,61,2025-06-10T22:01:56+00:00
537,9,61,2025-09-05T21:45:06+00:00
538,92,61,2025-05-05T03:57:39+00:00
539,25,61,2025-09-20T00:56:52+00:00
540,75,61,2025-07-03T06:50:46+00:00
541,86,61,2025-05-21T10:03:43+00:00
542,22,61,2025-01-19T15:48:24+00:00
543,79,61,2025-02-28T14:51:31+00:00
544,36,61,2024-10-16T09:08:38+00:00
545,92,61,2024-11-11T13:27:04+00:00
546,60,62,2024-10-26T12:10:09+00:00
547,80,62,2024-12-21T18:49:46+00:00
548,60,62,2024-11-02T14:53:37+00:00
549,57,62,2025-10-26T09:56:34+00:00
550,75,62,2024-12-15T21:25:27+00:00
551,27,62,2024-11-26T16:56:59+00:00
552,18,62,2025-03-15T19:40:17+00:00
553,63,62,2024-11-20T10:53:22+00:00
554,70,62,2025-01-08T11:20:48+00:00
555,88,62,2025-01-25T15:29:39+00:00
556,11,63,2025-08-21T07:53:36+00:00
557,45,63,2025-09-20T11:09:24+00:00
558,60,63,2025-08-05T20:49:07+00:00
559,45,63,2025-05-18T05:23:30+00:00
560,16,63,2024-11-20T00:11:41+00:00
561,33,63,2025-03-08T19:46:16+00:00
562,0,63,2025-05-02T17:28:20+00:00
563,59,63,2025-08-06T14:32:27+00:00
564,76,63,2025-06-10T02:40:21+00:00
565,60,64,2025-05-10T19:24:13+00:00
566,74,64,2024-11-12T00:30:30+00:00
567,74,64,2025-03-04T02:47:22+00:00
568,18,64,2025-02-28T15:22:44+00:00
569,45,64,2025-09-29T06:54:39+00:00
570,16,64,2025-11-08T01:55:33+00:00
571,43,64,2024-11-09T16:03:53+00:00
572,74,64,2025-01-20T13:10:39+00:00
573,20,64,2024-10-18T06:27:52+00:00
574,67,64,2025-02-19T20:13:29+00:00
575,74,65,2025-09-09T12:36:39+00:00
576,70,65,2025-08-08T05:59:26+00:00
577,63,65,2025-05-22T07:50:46+00:00
578,60,65,2024-12-05T22:49:59+00:00
579,44,65,2025-10-07T04:55:44+00:00
580,44,65,2025-01-15T19:23:48+00:00
581,80,65,2025-09-05T19:53:10+00:00
582,25,65,2024-12-08T03:18:17+00:00
583,76,65,2025-09-13T22:07:52+00:00
584,94,65,2025-02-16T01:55:57+00:00
585,0,66,2025-07-29T17:01:27+00:00
586,11,66,2025-05-02T01:02:37+00:00
587,70,66,2025-05-09T23:17:04+00:00
588,18,66,2024-12-19T23:57:41+00:00
589,75,66,2025-09-08T10:38:59+00:00
590,49,66,2025-04-15T17:54:11+00:00
591,33,66,2025-08-10T20:57:36+00:00
592,9,66,2025-07-05T11:23:23+00:00
593,88,66,2025-05-09T08:47:27+00:00
594,69,66,2025-05-25T13:13:39+00:00
595,27,67,2025-04-24T00:53:29+00:00
596,11,67,2025-08-01T08:17:23+00:00
597,31,67,2025-07-29T09:31:20+00:00
598,74,67,2025-08-11T23:48:00+00:00
599,59,67,2025-09-12T05:26:39+00:00
600,31,67,2025-02-09T06:25:34+00:00
601,75,67,2024-12-25T04:49:01+00:00
602,68,67,2025-01-14T13:02:59+00:00
603,21,68,2025-03-08T13:56:08+00:00
604,67,68,2025-01-03T03:36:49+00:00
605,74,68,2025-07-23T22:28:21+00:00
606,76,68,2025-07-19T02:46:43+00:00
607,94,68,2025-06-26T22:11:08+00:00
608,75,68,2024-12-28T13:57:02+00:00
609,49,68,2025-09-19T08:56:11+00:00
610,88,68,2025-06-08T00:40:32+00:00
611,54,68,2025-08-11T20:08:15+00:00
612,0,68,2025-02-24T11:59:45+00:00
613,7,69,2024-12-14T21:46:55+00:00
614,75,69,2025-08-13T05:29:47+00:00
615,94,69,2025-05-22T21:46:18+00:00
616,18,69,2025-09-02T06:34:45+00:00
617,68,69,2025-07-05T19:43:25+00:00
618,21,69,2025-08-29T22:21:22+00:00
619,55,69,2025-02-16T11:59:49+00:00
620,70,69,2025-10-29T16:32:45+00:00
621,60,69,2025-01-29T00:19:21+00:00
622,32,69,2025-05-14T03:51:25+00:00
623,36,70,2025-09-05T05:32:36+00:00
624,32,70,2024-10-21T22:10:31+00:00
625,7,70,2025-08-30T05:52:20+00:00
626,67,70,2025-08-20T00:57:18+00:00
627,43,70,2025-06-27T23:57:07+00:00
628,44,70,2025-01-03T10:23:40+00:00
629,25,70,2024-10-14T18:02:07+00:00
630,18,70,2025-04-18T01:55:00+00:00
631,9,70,2025-09-06T10:59:19+00:00
632,69,70,2025-05-24T15:18:31+00:00
633,75,71,2025-02-10T22:43:29+00:00
634,67,72,2024-10-18T11:59:42+00:00
635,79,72,2025-01-09T06:42:46+00:00
636,75,72,2025-08-10T21:35:26+00:00
637,80,72,2025-07-04T23:31:58+00:00
638,27,72,2024-11-20T18:04:01+00:00
639,31,72,2025-03-14T10:17:07+00:00
640,4,72,2025-02-27T12:42:46+00:00
641,20,72,2025-01-10T09:19:03+00:00
642,44,72,2025-08-22T02:51:42+00:00
643,52,72,2025-05-28T17:53:56+00:00
644,76,73,2025-05-15T06:09:43+00:00
645,7,74,2024-11-13T23:54:34+00:00
646,76,74,2025-10-19T16:38:19+00:00
647,45,74,2025-08-22T16:27:18+00:00
648,44,74,2025-02-21T22:53:51+00:00
649,11,74,2024-12-10T15:08:39+00:00
650,80,74,2025-09-06T03:22:20+00:00
651,74,74,2025-05-28T15:07:52+00:00
652,55,74,2025-08-08T18:35:20+00:00
653,54,74,2024-12-10T06:37:12+00:00
654,79,74,2025-07-07T07:33:13+00:00
655,79,76,2025-07-08T21:19:05+00:00
656,55,76,2024-11-22T06:38:25+00:00
657,63,76,2025-02-03T13:38:47+00:00
658,63,76,2025-09-16T23:46:14+00:00
659,86,76,2025-10-06T04:28:41+00:00
660,62,76,2025-05-06T19:49:50+00:00
661,4,76,2024-11-12T13:27:09+00:00
662,36,76,2025-03-25T03:56:21+00:00
663,45,76,2025-03-04T07:02:52+00:00
664,54,76,2025-08-14T11:56:13+00:00
665,0,77,2024-12-07T18:25:39+00:00
666,63,77,2025-09-26T10:42:20+00:00
667,40,77,2025-02-26T20:47:36+00:00
668,31,77,2025-05-02T05:31:22+00:00
669,23,77,2025-02-08T22:35:21+00:00
670,92,77,2025-03-11T12:21:23+00:00
671,79,77,2025-04-06T14:02:19+00:00
672,80,77,2025-08-08T06:46:49+00:00
673,52,77,2025-10-14T09:34:28+00:00
674,20,77,2024-12-16T00:13:57+00:00
675,76,78,2025-05-06T03:56:39+00:00
676,81,78,2024-10-24T04:06:44+00:00
677,62,78,2025-07-22T17:07:02+00:00
678,94,78,2025-04-26T07:15:53+00:00
679,80,78,2024-12-31T11:35:33+00:00
680,7,78,2025-06-23T09:45:55+00:00
681,49,78,2025-04-27T11:42:57+00:00
682,22,78,2024-11-17T06:05:06+00:00
683,40,78,2025-01-14T16:25:59+00:00
684,60,78,2025-02-10T13:58:06+00:00
685,36,79,2025-05-10T02:33:09+00:00
686,67,79,2025-05-28T21:44:53+00:00
687,70,79,2025-03-09T00:54:39+00:00
688,62,79,2025-09-28T20:58:37+00:00
689,45,79,2025-11-01T19:05:46+00:00
690,51,79,2025-08-19T03:04:00+00:00
691,51,79,2025-02-24T11:30:27+00:00
692,32,79,2025-04-11T20:53:30+00:00
693,0,79,2025-04-28T11:23:34+00:00
694,86,79,2025-02-19T02:02:57+00:00
695,91,80,2025-06-14T16:26:21+00:00
696,22,80,2025-11-01T06:05:35+00:00
697,96,80,2025-07-04T15:20:47+00:00
698,58,80,2025-03-27T00:57:31+00:00
699,69,80,2024-10-22T03:43:54+00:00
700,46,80,2025-06-20T19:25:36+00:00
701,79,80,2024-12-28T16:09:51+00:00
702,11,80,2025-08-04T13:40:45+00:00
703,9,80,2025-04-15T01:57:19+00:00
704,92,80,2025-10-02T13:59:54+00:00
705,46,82,2025-10-15T05:18:30+00:00
706,62,82,2024-12-14T23:12:40+00:00
707,31,82,2025-09-27T09:41:17+00:00
708,68,82,2025-10-07T23:14:09+00:00
709,60,82,2024-11-15T11:12:03+00:00
710,59,82,2024-11-10T21:18:32+00:00
711,33,82,2025-09-26T22:23:46+00:00
712,93,82,2025-05-11T12:03:30+00:00
713,19,83,2025-05-08T13:53:32+00:00
714,75,83,2025-06-05T06:58:37+00:00
715,81,83,2025-01-29T07:31:34+00:00
716,22,83,2025-06-13T18:36:37+00:00
717,25,83,2024-11-28T00:05:40+00:00
718,49,83,2025-01-12T12:40:43+00:00
719,93,83,2024-10-15T14:09:43+00:00
720,8,83,2025-06-25T14:34:44+00:00
721,59,83,2025-05-11T02:39:52+00:00
722,80,83,2025-11-17T22:13:00+00:00
723,96,84,2025-09-08T01:56:28+00:00
724,70,84,2024-12-16T14:38:14+00:00
725,96,84,2024-10-31T15:38:56+00:00
726,31,84,2024-12-29T23:57:58+00:00
727,59,84,2025-03-09T22:09:45+00:00
728,7,84,2025-07-12T15:44:38+00:00
729,31,84,2024-12-27T23:12:49+00:00
730,67,84,2024-12-09T18:34:54+00:00
731,72,84,2025-04-27T23:40:20+00:00
732,44,84,2024-10-17T13:18:22+00:00
733,8,85,2025-07-04T00:31:51+00:00
734,23,85,2024-12-20T12:15:47+00:00
735,80,85,2024-10-17T17:43:07+00:00
736,36,85,2024-12-17T20:54:09+00:00
737,4,85,2025-05-12T08:21:26+00:00
738,7,85,2025-09-20T21:12:12+00:00
739,94,85,2025-08-07T06:47:12+00:00
740,67,85,2025-01-19T00:44:07+00:00
741,76,85,2025-06-25T01:52:32+00:00
742,4,85,2025-11-16T02:20:02+00:00
743,62,86,2025-11-09T12:10:48+00:00
744,54,86,2025-08-14T09:57:19+00:00
745,35,86,2025-07-24T04:14:53+00:00
746,91,86,2024-10-30T04:26:11+00:00
747,84,86,2025-05-04T05:35:12+00:00
748,80,86,2024-12-11T20:34:33+00:00
749,67,86,2024-10-30T09:25:46+00:00
750,76,86,2024-10-26T13:08:39+00:00
751,57,86,2025-08-31T11:48:47+00:00
752,27,86,2025-04-04T04:01:08+00:00
753,22,87,2025-07-09T08:26:11+00:00
754,84,87,2024-12-22T12:05:35+00:00
755,88,87,2025-02-15T11:58:40+00:00
756,94,87,2025-03-25T23:03:35+00:00
757,4,87,2025-01-12T15:57:16+00:00
758,4,87,2025-07-11T17:03:17+00:00
759,27,87,2025-01-10T08:43:08+00:00
760,63,87,2025-03-07T03:54:07+00:00
761,59,87,2025-03-05T20:02:12+00:00
762,68,87,2025-07-01T03:32:19+00:00
763,40,88,2024-11-22T10:08:13+00:00
764,86,89,2025-03-12T18:14:21+00:00
765,66,89,2025-05-27T08:18:53+00:00
766,55,89,2024-10-18T01:47:32+00:00
767,40,89,2025-03-01T17:49:22+00:00
768,19,89,2025-02-17T03:45:23+00:00
769,31,89,2025-06-13T22:42:15+00:00
770,44,89,2025-09-05T01:06:11+00:00
771,32,89,2025-08-11T01:48:57+00:00
772,69,89,2025-03-12T10:17:02+00:00
773,49,89,2025-01-28T08:21:58+00:00
